train_no,train_type,section_id,division,departure_time,arrival_time,days_pattern,priority
51220,Freight,SEC001,Ambala,08:00,09:02,Daily,Low
62205,Suburban,SEC001,Ambala,18:15,20:31,Daily,High
61007,Express,SEC001,Ambala,18:15,20:07,"Mon,Wed,Fri",High
28343,Freight,SEC001,Ambala,10:45,13:01,"Mon,Wed,Fri",Low
22803,Freight,SEC001,Ambala,16:30,17:16,Mon-Sat,Low
90460,Express,SEC001,Ambala,02:30,04:27,"Sun,Tue,Thu",High
45825,Suburban,SEC002,Ambala,10:00,12:01,Mon-Sat,High
34345,Passenger,SEC002,Ambala,11:45,13:20,"Mon,Wed,Fri",Medium
91083,Passenger,SEC002,Ambala,12:00,14:18,Daily,Medium
45123,Freight,SEC002,Ambala,22:00,22:50,Daily,Low
61068,Passenger,SEC002,Ambala,20:15,22:29,Daily,Medium
68292,Passenger,SEC002,Ambala,02:00,03:19,Daily,Medium
34561,Freight,SEC002,Ambala,03:15,04:06,Mon-Sat,Low
13442,Passenger,SEC002,Ambala,17:45,18:38,Daily,Medium
60493,Passenger,SEC002,Ambala,02:30,05:00,Daily,Medium
78302,Passenger,SEC003,Ferozepur,02:15,04:08,Daily,Medium
49469,Freight,SEC003,Ferozepur,05:15,06:29,Daily,Low
46170,Passenger,SEC003,Ferozepur,02:15,03:50,Mon-Sat,Medium
42321,Express,SEC003,Ferozepur,02:30,03:42,"Mon,Wed,Fri",High
24021,Freight,SEC003,Ferozepur,19:15,20:53,Daily,Low
91289,Express,SEC003,Ferozepur,12:30,14:57,Mon-Sat,High
66441,Freight,SEC003,Ferozepur,10:45,12:07,"Mon,Wed,Fri",Low
89064,Suburban,SEC003,Ferozepur,04:30,05:51,"Mon,Wed,Fri",High
48200,Passenger,SEC004,Ferozepur,05:45,07:05,"Mon,Wed,Fri",Medium
59290,Freight,SEC004,Ferozepur,15:15,16:36,Daily,Low
83905,Freight,SEC004,Ferozepur,12:30,13:24,Daily,Low
82102,Passenger,SEC004,Ferozepur,17:15,19:22,Daily,Medium
48185,Suburban,SEC004,Ferozepur,14:15,15:51,"Mon,Wed,Fri",High
93012,Express,SEC004,Ferozepur,13:45,14:42,Daily,High
65460,Express,SEC004,Ferozepur,21:15,23:26,Mon-Sat,High
62534,Passenger,SEC005,Delhi,19:45,21:39,"Sun,Tue,Thu",Medium
14818,Passenger,SEC005,Delhi,22:45,00:34,Daily,Medium
42536,Freight,SEC005,Delhi,17:00,17:53,"Mon,Wed,Fri",Low
94545,Freight,SEC005,Delhi,05:00,06:52,"Mon,Wed,Fri",Low
11382,Freight,SEC005,Delhi,10:45,11:38,Daily,Low
59036,Express,SEC005,Delhi,16:15,17:52,Mon-Sat,High
13219,Freight,SEC006,Delhi,18:15,19:39,Mon-Sat,Low
28569,Express,SEC006,Delhi,13:00,13:54,Daily,High
73298,Express,SEC006,Delhi,14:15,16:01,Daily,High
18804,Passenger,SEC006,Delhi,14:45,16:05,Daily,Medium
54967,Express,SEC006,Delhi,22:00,22:42,"Mon,Wed,Fri",High
32865,Express,SEC006,Delhi,05:15,07:01,"Sun,Tue,Thu",High
40389,Express,SEC006,Delhi,17:45,19:24,Mon-Sat,High
13826,Freight,SEC006,Delhi,05:45,07:15,"Mon,Wed,Fri",Low
66302,Freight,SEC006,Delhi,06:45,08:40,Mon-Sat,Low
18200,Freight,SEC007,Lucknow,06:30,08:46,"Sun,Tue,Thu",Low
52727,Express,SEC007,Lucknow,17:15,18:41,Daily,High
93769,Passenger,SEC007,Lucknow,08:45,10:32,Daily,Medium
24972,Passenger,SEC007,Lucknow,19:45,21:40,Daily,Medium
98288,Passenger,SEC007,Lucknow,14:15,16:39,"Mon,Wed,Fri",Medium
27556,Freight,SEC007,Lucknow,19:00,21:06,Daily,Low
28528,Express,SEC008,Lucknow,03:15,04:42,"Sun,Tue,Thu",High
60293,Passenger,SEC008,Lucknow,19:15,21:08,Mon-Sat,Medium
31871,Express,SEC008,Lucknow,20:15,22:06,Mon-Sat,High
69113,Express,SEC008,Lucknow,05:30,07:57,"Sun,Tue,Thu",High
27895,Express,SEC008,Lucknow,11:00,12:42,Daily,High
99744,Freight,SEC008,Lucknow,17:45,19:17,Mon-Sat,Low
20835,Freight,SEC009,Moradabad,14:45,15:46,"Sun,Tue,Thu",Low
46025,Express,SEC009,Moradabad,07:30,08:14,Daily,High
74921,Passenger,SEC009,Moradabad,05:45,07:37,"Sun,Tue,Thu",Medium
81186,Passenger,SEC009,Moradabad,18:00,19:14,Daily,Medium
38644,Passenger,SEC009,Moradabad,01:45,03:34,Mon-Sat,Medium
14224,Express,SEC009,Moradabad,20:15,21:33,Mon-Sat,High
25386,Express,SEC009,Moradabad,02:45,05:15,Daily,High
89988,Express,SEC009,Moradabad,23:30,02:00,"Mon,Wed,Fri",High
37082,Passenger,SEC009,Moradabad,19:15,21:35,Daily,Medium
80617,Express,SEC010,Moradabad,11:30,13:26,Daily,High
85069,Express,SEC010,Moradabad,22:30,23:47,Daily,High
63948,Suburban,SEC010,Moradabad,16:00,16:57,Daily,High
27392,Suburban,SEC010,Moradabad,20:15,22:24,Daily,High
98635,Express,SEC010,Moradabad,10:15,12:32,Mon-Sat,High
64293,Passenger,SEC010,Moradabad,18:30,20:30,Mon-Sat,Medium
77582,Passenger,SEC010,Moradabad,20:00,21:31,"Mon,Wed,Fri",Medium
52898,Express,SEC010,Moradabad,11:45,13:27,"Sun,Tue,Thu",High
70089,Express,SEC010,Moradabad,23:00,01:13,"Mon,Wed,Fri",High
80048,Freight,SEC010,Moradabad,11:00,13:21,Mon-Sat,Low
45197,Express,SEC010,Moradabad,13:15,14:58,Daily,High
73614,Freight,SEC010,Moradabad,10:15,12:07,Daily,Low
70238,Freight,SEC011,Ferozepur,01:00,03:00,Daily,Low
10088,Express,SEC011,Ferozepur,05:45,07:23,Mon-Sat,High
49566,Express,SEC011,Ferozepur,22:15,00:18,Daily,High
57242,Freight,SEC011,Ferozepur,08:00,10:03,Daily,Low
61949,Express,SEC011,Ferozepur,21:15,22:01,"Mon,Wed,Fri",High
95915,Express,SEC011,Ferozepur,22:15,23:49,Daily,High
20215,Freight,SEC011,Ferozepur,00:15,01:56,Daily,Low
11056,Passenger,SEC011,Ferozepur,16:45,17:26,"Mon,Wed,Fri",Medium
27324,Express,SEC011,Ferozepur,03:45,05:53,Mon-Sat,High
23425,Express,SEC011,Ferozepur,12:00,14:13,Daily,High
27451,Express,SEC011,Ferozepur,09:15,10:43,"Mon,Wed,Fri",High
95199,Express,SEC012,Lucknow,16:00,17:58,Daily,High
29840,Passenger,SEC012,Lucknow,23:15,01:15,Mon-Sat,Medium
23168,Freight,SEC012,Lucknow,14:15,15:06,Daily,Low
66280,Freight,SEC012,Lucknow,18:45,20:09,Daily,Low
21042,Freight,SEC012,Lucknow,07:30,09:32,Daily,Low
13515,Passenger,SEC012,Lucknow,19:30,21:49,"Mon,Wed,Fri",Medium
61347,Freight,SEC012,Lucknow,06:15,08:30,Daily,Low
24777,Freight,SEC012,Lucknow,07:45,09:14,Daily,Low
11581,Passenger,SEC012,Lucknow,19:00,20:47,Daily,Medium
84498,Suburban,SEC012,Lucknow,04:45,07:15,Mon-Sat,High
71736,Passenger,SEC012,Lucknow,21:15,23:32,Daily,Medium
