defect_id,section_id,department,defect_type,severity,status,overdue_days,priority_score,explanation
DEF0057,SEC005,TRD,OHE wire wear,Critical,Resolved,0,100.1,"Defect DEF0057 (TRD - SEC005) scored 100.1/100 priority because: severity is Critical (+23.9 pts), located on a high-traffic section (134 trains/day, +4.7 pts), and available maintenance window is tight (96 mins, +5.1 pts)."
DEF0142,SEC011,TRD,Traction pole tilt,Critical,Overdue,9,100.0,"Defect DEF0142 (TRD - SEC011) scored 100.0/100 priority because: severity is Critical (+24.1 pts), overdue by 9 days (+8.7 pts), and located on a high-traffic section (93 trains/day, +2.2 pts)."
DEF0093,SEC011,TRD,Traction pole tilt,Major,Overdue,11,100.0,"Defect DEF0093 (TRD - SEC011) scored 100.0/100 priority because: severity is Major (+8.2 pts), overdue by 11 days (+15.0 pts), and available maintenance window is tight (91 mins, +6.3 pts)."
DEF0033,SEC006,TRD,Sagging catenary wire,Critical,Open,0,100.0,"Defect DEF0033 (TRD - SEC006) scored 100.0/100 priority because: severity is Critical (+23.1 pts), located on a high-traffic section (142 trains/day, +5.4 pts), and available maintenance window is tight (106 mins, +5.5 pts)."
DEF0100,SEC005,S&T,Axle counter fault,Critical,Overdue,4,100.0,"Defect DEF0100 (S&T - SEC005) scored 100.0/100 priority because: severity is Critical (+20.0 pts), overdue by 4 days (+4.9 pts), located on a high-traffic section (134 trains/day, +3.8 pts), and available maintenance window is tight (114 mins, +4.2 pts)."
DEF0104,SEC006,S&T,Interlocking fault,Critical,Scheduled,0,100.0,"Defect DEF0104 (S&T - SEC006) scored 100.0/100 priority because: severity is Critical (+22.9 pts), located on a high-traffic section (142 trains/day, +5.3 pts), and available maintenance window is tight (106 mins, +5.7 pts)."
DEF0115,SEC012,Engineering,Loose fittings,Critical,Overdue,11,100.0,"Defect DEF0115 (Engineering - SEC012) scored 100.0/100 priority because: severity is Critical (+19.7 pts), overdue by 11 days (+10.2 pts), and available maintenance window is tight (91 mins, +4.3 pts)."
DEF0085,SEC005,TRD,OHE wire wear,Critical,Overdue,7,100.0,"Defect DEF0085 (TRD - SEC005) scored 100.0/100 priority because: severity is Critical (+18.5 pts), overdue by 7 days (+6.5 pts), located on a high-traffic section (134 trains/day, +3.7 pts), and available maintenance window is tight (114 mins, +4.2 pts)."
DEF0122,SEC005,Engineering,Cracked fish plate,Critical,Scheduled,0,100.0,"Defect DEF0122 (Engineering - SEC005) scored 100.0/100 priority because: severity is Critical (+23.8 pts), located on a high-traffic section (134 trains/day, +4.9 pts), and available maintenance window is tight (114 mins, +4.8 pts)."
DEF0129,SEC011,TRD,Sagging catenary wire,Critical,Overdue,11,100.0,"Defect DEF0129 (TRD - SEC011) scored 100.0/100 priority because: severity is Critical (+24.1 pts), overdue by 11 days (+9.6 pts), and located on a high-traffic section (93 trains/day, +2.0 pts)."
DEF0133,SEC002,Engineering,Track geometry deviation,Major,Overdue,15,100.0,"Defect DEF0133 (Engineering - SEC002) scored 100.0/100 priority because: severity is Major (+9.0 pts), overdue by 15 days (+15.0 pts), located on a high-traffic section (120 trains/day, +3.3 pts), available maintenance window is tight (127 mins, +3.5 pts), and heavy 7-day freight forecast (206 trains, +2.2 pts)."
DEF0155,SEC005,TRD,Insulator damage,Critical,Overdue,7,100.0,"Defect DEF0155 (TRD - SEC005) scored 100.0/100 priority because: severity is Critical (+19.1 pts), overdue by 7 days (+7.1 pts), located on a high-traffic section (134 trains/day, +4.3 pts), and available maintenance window is tight (114 mins, +4.2 pts)."
DEF0158,SEC007,Engineering,Track geometry deviation,Critical,Overdue,14,100.0,"Defect DEF0158 (Engineering - SEC007) scored 100.0/100 priority because: severity is Critical (+23.6 pts), and overdue by 14 days (+12.1 pts)."
DEF0175,SEC009,Engineering,Ballast deficiency,Critical,Open,0,100.0,"Defect DEF0175 (Engineering - SEC009) scored 100.0/100 priority because: severity is Critical (+25.4 pts), located on a high-traffic section (151 trains/day, +5.8 pts), and available maintenance window is tight (83 mins, +5.8 pts)."
DEF0147,SEC006,S&T,Axle counter fault,Critical,Open,0,100.0,"Defect DEF0147 (S&T - SEC006) scored 100.0/100 priority because: severity is Critical (+23.4 pts), located on a high-traffic section (142 trains/day, +5.2 pts), and available maintenance window is tight (106 mins, +5.9 pts)."
DEF0037,SEC004,Engineering,Cracked fish plate,Critical,Overdue,10,99.9,"Defect DEF0037 (Engineering - SEC004) scored 99.9/100 priority because: severity is Critical (+23.5 pts), overdue by 10 days (+13.0 pts), and moderate section traffic (73 trains/day, -3.7 pts)."
DEF0118,SEC002,Engineering,Ballast deficiency,Critical,Scheduled,0,99.6,"Defect DEF0118 (Engineering - SEC002) scored 99.6/100 priority because: severity is Critical (+24.1 pts), located on a high-traffic section (120 trains/day, +4.3 pts), and available maintenance window is tight (76 mins, +5.4 pts)."
DEF0097,SEC002,Engineering,Rail fracture,Critical,Open,0,99.1,"Defect DEF0097 (Engineering - SEC002) scored 99.1/100 priority because: severity is Critical (+25.8 pts), located on a high-traffic section (120 trains/day, +4.6 pts), and available maintenance window is tight (127 mins, +2.5 pts)."
DEF0072,SEC008,S&T,Track circuit failure,Critical,Open,0,98.3,"Defect DEF0072 (S&T - SEC008) scored 98.3/100 priority because: severity is Critical (+24.9 pts), located on a high-traffic section (113 trains/day, +4.1 pts), and available maintenance window is tight (113 mins, +5.0 pts)."
DEF0052,SEC002,Engineering,Ballast deficiency,Critical,Resolved,0,98.1,"Defect DEF0052 (Engineering - SEC002) scored 98.1/100 priority because: severity is Critical (+25.4 pts), located on a high-traffic section (120 trains/day, +5.1 pts), and available maintenance window is tight (127 mins, +3.0 pts)."
DEF0179,SEC002,Engineering,Track geometry deviation,Critical,Open,0,97.6,"Defect DEF0179 (Engineering - SEC002) scored 97.6/100 priority because: severity is Critical (+28.2 pts), located on a high-traffic section (120 trains/day, +5.9 pts), and available maintenance window is tight (127 mins, +3.1 pts)."
DEF0140,SEC011,Engineering,Ballast deficiency,Critical,Resolved,0,97.2,"Defect DEF0140 (Engineering - SEC011) scored 97.2/100 priority because: severity is Critical (+29.7 pts), and located on a high-traffic section (93 trains/day, +2.7 pts)."
DEF0030,SEC006,TRD,Booster transformer issue,Critical,Overdue,13,96.9,"Defect DEF0030 (TRD - SEC006) scored 96.9/100 priority because: severity is Critical (+17.1 pts), overdue by 13 days (+7.2 pts), located on a high-traffic section (142 trains/day, +3.6 pts), and available maintenance window is tight (106 mins, +4.3 pts)."
DEF0065,SEC012,S&T,Level crossing gate fault,Critical,Resolved,0,93.0,Defect DEF0065 (S&T - SEC012) scored 93.0/100 priority because: severity is Critical (+26.4 pts).
DEF0067,SEC012,S&T,Signal aspect failure,Critical,Resolved,0,92.5,Defect DEF0067 (S&T - SEC012) scored 92.5/100 priority because: severity is Critical (+26.0 pts).
DEF0110,SEC007,Engineering,Worn out rail,Critical,Scheduled,0,91.9,Defect DEF0110 (Engineering - SEC007) scored 91.9/100 priority because: severity is Critical (+28.2 pts).
DEF0132,SEC012,S&T,Point machine malfunction,Critical,Resolved,0,91.4,Defect DEF0132 (S&T - SEC012) scored 91.4/100 priority because: severity is Critical (+25.9 pts).
DEF0014,SEC011,TRD,Feeder cable fault,Critical,Resolved,0,91.1,"Defect DEF0014 (TRD - SEC011) scored 91.1/100 priority because: severity is Critical (+27.6 pts), and located on a high-traffic section (93 trains/day, +2.8 pts)."
DEF0095,SEC006,S&T,Axle counter fault,Major,Open,0,90.9,"Defect DEF0095 (S&T - SEC006) scored 90.9/100 priority because: severity is Major (+8.2 pts), located on a high-traffic section (142 trains/day, +5.5 pts), available maintenance window is tight (106 mins, +8.7 pts), and heavy 7-day freight forecast (281 trains, +4.4 pts)."
DEF0024,SEC007,Engineering,Rail fracture,Major,Overdue,10,90.6,"Defect DEF0024 (Engineering - SEC007) scored 90.6/100 priority because: severity is Major (+9.4 pts), overdue by 10 days (+16.4 pts), and ample maintenance window available (155 mins, -2.2 pts)."
DEF0092,SEC001,S&T,Signal aspect failure,Critical,Open,0,89.9,"Defect DEF0092 (S&T - SEC001) scored 89.9/100 priority because: severity is Critical (+28.7 pts), and moderate section traffic (76 trains/day, -2.9 pts)."
DEF0086,SEC009,TRD,OHE wire wear,Major,Open,0,89.6,"Defect DEF0086 (TRD - SEC009) scored 89.6/100 priority because: severity is Major (+8.0 pts), located on a high-traffic section (151 trains/day, +5.7 pts), available maintenance window is tight (98 mins, +8.6 pts), and heavy 7-day freight forecast (278 trains, +4.0 pts)."
DEF0079,SEC009,Engineering,Cracked fish plate,Major,Open,0,89.5,"Defect DEF0079 (Engineering - SEC009) scored 89.5/100 priority because: severity is Major (+8.0 pts), located on a high-traffic section (151 trains/day, +5.8 pts), available maintenance window is tight (98 mins, +8.9 pts), and heavy 7-day freight forecast (285 trains, +3.8 pts)."
DEF0027,SEC009,TRD,OHE wire wear,Major,Open,0,89.3,"Defect DEF0027 (TRD - SEC009) scored 89.3/100 priority because: severity is Major (+8.2 pts), located on a high-traffic section (151 trains/day, +5.7 pts), available maintenance window is tight (98 mins, +8.6 pts), and heavy 7-day freight forecast (293 trains, +3.9 pts)."
DEF0163,SEC012,S&T,Track circuit failure,Critical,Resolved,0,89.1,Defect DEF0163 (S&T - SEC012) scored 89.1/100 priority because: severity is Critical (+29.4 pts).
DEF0091,SEC009,S&T,Point machine malfunction,Major,Open,0,87.2,"Defect DEF0091 (S&T - SEC009) scored 87.2/100 priority because: severity is Major (+7.4 pts), located on a high-traffic section (151 trains/day, +5.7 pts), available maintenance window is tight (98 mins, +8.2 pts), and heavy 7-day freight forecast (266 trains, +2.8 pts)."
DEF0066,SEC003,S&T,Point machine malfunction,Critical,Open,0,87.1,"Defect DEF0066 (S&T - SEC003) scored 87.1/100 priority because: severity is Critical (+28.1 pts), and moderate section traffic (74 trains/day, -4.2 pts)."
DEF0134,SEC004,Engineering,Track geometry deviation,Critical,Open,0,86.7,"Defect DEF0134 (Engineering - SEC004) scored 86.7/100 priority because: severity is Critical (+28.3 pts), and moderate section traffic (73 trains/day, -4.8 pts)."
DEF0043,SEC006,TRD,OHE wire wear,Major,Open,0,86.7,"Defect DEF0043 (TRD - SEC006) scored 86.7/100 priority because: severity is Major (+7.3 pts), located on a high-traffic section (142 trains/day, +5.5 pts), available maintenance window is tight (106 mins, +8.1 pts), and heavy 7-day freight forecast (249 trains, +2.6 pts)."
DEF0143,SEC009,Engineering,Rail fracture,Major,Scheduled,0,86.1,"Defect DEF0143 (Engineering - SEC009) scored 86.1/100 priority because: severity is Major (+7.0 pts), located on a high-traffic section (151 trains/day, +5.8 pts), available maintenance window is tight (98 mins, +8.3 pts), and heavy 7-day freight forecast (224 trains, +2.3 pts)."
DEF0099,SEC009,TRD,Booster transformer issue,Major,Resolved,0,85.9,"Defect DEF0099 (TRD - SEC009) scored 85.9/100 priority because: severity is Major (+7.2 pts), located on a high-traffic section (151 trains/day, +5.6 pts), available maintenance window is tight (98 mins, +7.9 pts), and heavy 7-day freight forecast (257 trains, +2.2 pts)."
DEF0059,SEC010,S&T,Axle counter fault,Critical,Overdue,1,85.9,"Defect DEF0059 (S&T - SEC010) scored 85.9/100 priority because: severity is Critical (+23.9 pts), overdue by 1 days (+4.5 pts), and moderate section traffic (50 trains/day, -7.0 pts)."
DEF0039,SEC005,Engineering,Rail fracture,Major,Open,0,84.6,"Defect DEF0039 (Engineering - SEC005) scored 84.6/100 priority because: severity is Major (+7.2 pts), located on a high-traffic section (134 trains/day, +4.6 pts), available maintenance window is tight (114 mins, +7.6 pts), and heavy 7-day freight forecast (226 trains, +2.0 pts)."
DEF0082,SEC005,TRD,Booster transformer issue,Major,Open,0,84.5,"Defect DEF0082 (TRD - SEC005) scored 84.5/100 priority because: severity is Major (+7.6 pts), located on a high-traffic section (134 trains/day, +4.2 pts), available maintenance window is tight (114 mins, +7.2 pts), and heavy 7-day freight forecast (233 trains, +2.4 pts)."
DEF0121,SEC005,S&T,Signal aspect failure,Major,Resolved,0,84.2,"Defect DEF0121 (S&T - SEC005) scored 84.2/100 priority because: severity is Major (+7.1 pts), located on a high-traffic section (134 trains/day, +4.5 pts), available maintenance window is tight (114 mins, +7.4 pts), and heavy 7-day freight forecast (248 trains, +2.1 pts)."
DEF0150,SEC004,TRD,Insulator damage,Critical,Scheduled,0,84.1,"Defect DEF0150 (TRD - SEC004) scored 84.1/100 priority because: severity is Critical (+28.1 pts), and moderate section traffic (73 trains/day, -4.6 pts)."
DEF0032,SEC003,Engineering,Track geometry deviation,Critical,Scheduled,0,83.6,"Defect DEF0032 (Engineering - SEC003) scored 83.6/100 priority because: severity is Critical (+27.2 pts), moderate section traffic (74 trains/day, -4.5 pts), and ample maintenance window available (170 mins, -2.0 pts)."
DEF0001,SEC005,TRD,Traction pole tilt,Major,Open,0,82.3,"Defect DEF0001 (TRD - SEC005) scored 82.3/100 priority because: severity is Major (+7.3 pts), located on a high-traffic section (134 trains/day, +4.3 pts), and available maintenance window is tight (114 mins, +7.0 pts)."
DEF0034,SEC002,TRD,Booster transformer issue,Minor,Overdue,9,82.2,"Defect DEF0034 (TRD - SEC002) scored 82.2/100 priority because: severity is only Minor (-13.0 pts), overdue by 9 days (+14.8 pts), located on a high-traffic section (120 trains/day, +3.6 pts), and available maintenance window is tight (107 mins, +9.1 pts)."
DEF0101,SEC004,TRD,OHE wire wear,Critical,Scheduled,0,82.1,"Defect DEF0101 (TRD - SEC004) scored 82.1/100 priority because: severity is Critical (+27.3 pts), moderate section traffic (73 trains/day, -5.1 pts), and ample maintenance window available (171 mins, -2.5 pts)."
DEF0137,SEC005,S&T,Track circuit failure,Minor,Overdue,8,81.1,"Defect DEF0137 (S&T - SEC005) scored 81.1/100 priority because: severity is only Minor (-12.7 pts), overdue by 8 days (+12.7 pts), located on a high-traffic section (134 trains/day, +4.2 pts), and available maintenance window is tight (114 mins, +9.9 pts)."
DEF0074,SEC010,Engineering,Track geometry deviation,Critical,Open,0,81.0,"Defect DEF0074 (Engineering - SEC010) scored 81.0/100 priority because: severity is Critical (+29.1 pts), moderate section traffic (50 trains/day, -7.6 pts), and ample maintenance window available (193 mins, -2.5 pts)."
DEF0154,SEC005,S&T,Point machine malfunction,Minor,Overdue,13,80.9,"Defect DEF0154 (S&T - SEC005) scored 80.9/100 priority because: severity is only Minor (-12.8 pts), overdue by 13 days (+14.7 pts), located on a high-traffic section (134 trains/day, +4.0 pts), and available maintenance window is tight (114 mins, +9.2 pts)."
DEF0005,SEC004,Engineering,Worn out rail,Major,Overdue,8,80.6,"Defect DEF0005 (Engineering - SEC004) scored 80.6/100 priority because: severity is Major (+7.6 pts), overdue by 8 days (+15.1 pts), moderate section traffic (73 trains/day, -2.6 pts), and ample maintenance window available (171 mins, -2.6 pts)."
DEF0144,SEC001,S&T,Level crossing gate fault,Critical,Open,0,80.3,"Defect DEF0144 (S&T - SEC001) scored 80.3/100 priority because: severity is Critical (+26.6 pts), moderate section traffic (76 trains/day, -4.0 pts), and ample maintenance window available (168 mins, -2.1 pts)."
DEF0016,SEC002,Engineering,Loose fittings,Major,Open,0,79.1,"Defect DEF0016 (Engineering - SEC002) scored 79.1/100 priority because: severity is Major (+8.2 pts), located on a high-traffic section (120 trains/day, +3.4 pts), and available maintenance window is tight (127 mins, +4.6 pts)."
DEF0002,SEC010,Engineering,Rail fracture,Major,Overdue,8,78.7,"Defect DEF0002 (Engineering - SEC010) scored 78.7/100 priority because: severity is Major (+8.6 pts), overdue by 8 days (+16.4 pts), moderate section traffic (50 trains/day, -5.8 pts), and ample maintenance window available (193 mins, -2.7 pts)."
DEF0153,SEC006,S&T,Point machine malfunction,Major,Open,0,76.8,"Defect DEF0153 (S&T - SEC006) scored 76.8/100 priority because: severity is Major (+4.7 pts), located on a high-traffic section (142 trains/day, +5.8 pts), and available maintenance window is tight (106 mins, +7.6 pts)."
DEF0124,SEC010,Engineering,Rail fracture,Critical,Open,0,76.0,"Defect DEF0124 (Engineering - SEC010) scored 76.0/100 priority because: severity is Critical (+27.6 pts), moderate section traffic (50 trains/day, -9.1 pts), and ample maintenance window available (193 mins, -2.5 pts)."
DEF0151,SEC008,S&T,Axle counter fault,Major,Open,0,75.9,"Defect DEF0151 (S&T - SEC008) scored 75.9/100 priority because: severity is Major (+8.2 pts), and located on a high-traffic section (113 trains/day, +3.0 pts)."
DEF0165,SEC006,Engineering,Cracked fish plate,Minor,Overdue,11,75.9,"Defect DEF0165 (Engineering - SEC006) scored 75.9/100 priority because: severity is only Minor (-12.8 pts), overdue by 11 days (+13.4 pts), located on a high-traffic section (142 trains/day, +4.1 pts), and available maintenance window is tight (106 mins, +9.3 pts)."
DEF0148,SEC002,Engineering,Track geometry deviation,Major,Resolved,0,75.2,"Defect DEF0148 (Engineering - SEC002) scored 75.2/100 priority because: severity is Major (+7.1 pts), located on a high-traffic section (120 trains/day, +3.5 pts), and available maintenance window is tight (127 mins, +3.6 pts)."
DEF0090,SEC004,TRD,Insulator damage,Major,Overdue,3,75.1,"Defect DEF0090 (TRD - SEC004) scored 75.1/100 priority because: severity is Major (+8.0 pts), overdue by 3 days (+9.4 pts), moderate section traffic (73 trains/day, -2.7 pts), and ample maintenance window available (171 mins, -3.2 pts)."
DEF0167,SEC005,TRD,Insulator damage,Major,Resolved,0,73.8,"Defect DEF0167 (TRD - SEC005) scored 73.8/100 priority because: severity is Major (+4.9 pts), located on a high-traffic section (134 trains/day, +4.8 pts), and available maintenance window is tight (114 mins, +7.0 pts)."
DEF0015,SEC008,S&T,Point machine malfunction,Major,Scheduled,0,73.3,"Defect DEF0015 (S&T - SEC008) scored 73.3/100 priority because: severity is Major (+7.7 pts), and located on a high-traffic section (113 trains/day, +2.9 pts)."
DEF0038,SEC008,S&T,Axle counter fault,Major,Open,0,72.6,"Defect DEF0038 (S&T - SEC008) scored 72.6/100 priority because: severity is Major (+7.3 pts), and located on a high-traffic section (113 trains/day, +2.9 pts)."
DEF0161,SEC002,Engineering,Worn out rail,Major,Open,0,70.9,"Defect DEF0161 (Engineering - SEC002) scored 70.9/100 priority because: severity is Major (+6.7 pts), located on a high-traffic section (120 trains/day, +3.9 pts), and available maintenance window is tight (127 mins, +3.6 pts)."
DEF0025,SEC007,S&T,Track circuit failure,Major,Open,0,70.7,"Defect DEF0025 (S&T - SEC007) scored 70.7/100 priority because: severity is Major (+8.4 pts), ample maintenance window available (155 mins, -2.9 pts), and heavy 7-day freight forecast (148 trains, +2.3 pts)."
DEF0054,SEC007,S&T,Signal aspect failure,Major,Resolved,0,70.1,"Defect DEF0054 (S&T - SEC007) scored 70.1/100 priority because: severity is Major (+7.8 pts), and ample maintenance window available (155 mins, -2.9 pts)."
DEF0077,SEC011,TRD,OHE wire wear,Major,Open,0,69.8,"Defect DEF0077 (TRD - SEC011) scored 69.8/100 priority because: severity is Major (+7.4 pts), and ample maintenance window available (152 mins, -3.1 pts)."
DEF0177,SEC006,TRD,Feeder cable fault,Minor,Overdue,4,69.7,"Defect DEF0177 (TRD - SEC006) scored 69.7/100 priority because: severity is only Minor (-14.0 pts), overdue by 4 days (+6.9 pts), located on a high-traffic section (142 trains/day, +4.9 pts), and available maintenance window is tight (90 mins, +10.4 pts)."
DEF0019,SEC007,S&T,Track circuit failure,Major,Open,0,69.6,"Defect DEF0019 (S&T - SEC007) scored 69.6/100 priority because: severity is Major (+8.0 pts), and ample maintenance window available (155 mins, -3.0 pts)."
DEF0076,SEC007,TRD,OHE wire wear,Major,Open,0,69.3,"Defect DEF0076 (TRD - SEC007) scored 69.3/100 priority because: severity is Major (+7.9 pts), and ample maintenance window available (155 mins, -3.0 pts)."
DEF0114,SEC007,S&T,Level crossing gate fault,Major,Resolved,0,68.9,"Defect DEF0114 (S&T - SEC007) scored 68.9/100 priority because: severity is Major (+7.9 pts), and ample maintenance window available (155 mins, -3.1 pts)."
DEF0048,SEC007,TRD,Insulator damage,Major,Scheduled,0,68.1,"Defect DEF0048 (TRD - SEC007) scored 68.1/100 priority because: severity is Major (+7.7 pts), and ample maintenance window available (155 mins, -3.0 pts)."
DEF0029,SEC009,Engineering,Loose fittings,Minor,Open,0,67.7,"Defect DEF0029 (Engineering - SEC009) scored 67.7/100 priority because: severity is only Minor (-14.5 pts), located on a high-traffic section (151 trains/day, +6.6 pts), available maintenance window is tight (98 mins, +10.1 pts), and heavy 7-day freight forecast (293 trains, +2.4 pts)."
DEF0080,SEC011,Engineering,Track geometry deviation,Major,Resolved,0,65.8,"Defect DEF0080 (Engineering - SEC011) scored 65.8/100 priority because: severity is Major (+6.9 pts), and ample maintenance window available (152 mins, -3.4 pts)."
DEF0109,SEC011,Engineering,Worn out rail,Major,Open,0,65.4,"Defect DEF0109 (Engineering - SEC011) scored 65.4/100 priority because: severity is Major (+6.7 pts), and ample maintenance window available (152 mins, -3.4 pts)."
DEF0070,SEC006,Engineering,Ballast deficiency,Minor,Open,0,65.3,"Defect DEF0070 (Engineering - SEC006) scored 65.3/100 priority because: severity is only Minor (-15.3 pts), located on a high-traffic section (142 trains/day, +6.3 pts), available maintenance window is tight (106 mins, +9.6 pts), and heavy 7-day freight forecast (278 trains, +2.4 pts)."
DEF0171,SEC003,S&T,Point machine malfunction,Minor,Overdue,14,64.8,"Defect DEF0171 (S&T - SEC003) scored 64.8/100 priority because: severity is only Minor (-14.6 pts), overdue by 14 days (+22.5 pts), and ample maintenance window available (170 mins, -3.1 pts)."
DEF0008,SEC006,S&T,Point machine malfunction,Minor,Resolved,0,64.5,"Defect DEF0008 (S&T - SEC006) scored 64.5/100 priority because: severity is only Minor (-14.4 pts), located on a high-traffic section (142 trains/day, +6.2 pts), available maintenance window is tight (106 mins, +9.4 pts), and heavy 7-day freight forecast (257 trains, +2.0 pts)."
DEF0068,SEC001,S&T,Level crossing gate fault,Major,Open,0,64.4,"Defect DEF0068 (S&T - SEC001) scored 64.4/100 priority because: severity is Major (+7.4 pts), and ample maintenance window available (168 mins, -3.4 pts)."
DEF0010,SEC009,S&T,Track circuit failure,Minor,Resolved,0,64.3,"Defect DEF0010 (S&T - SEC009) scored 64.3/100 priority because: severity is only Minor (-14.5 pts), located on a high-traffic section (151 trains/day, +6.2 pts), available maintenance window is tight (98 mins, +9.4 pts), and heavy 7-day freight forecast (270 trains, +2.1 pts)."
DEF0173,SEC012,S&T,Interlocking fault,Major,Scheduled,0,64.3,"Defect DEF0173 (S&T - SEC012) scored 64.3/100 priority because: severity is Major (+7.8 pts), and ample maintenance window available (153 mins, -2.4 pts)."
DEF0105,SEC004,Engineering,Track geometry deviation,Major,Resolved,0,64.0,"Defect DEF0105 (Engineering - SEC004) scored 64.0/100 priority because: severity is Major (+8.1 pts), moderate section traffic (73 trains/day, -2.8 pts), and ample maintenance window available (171 mins, -3.7 pts)."
DEF0012,SEC004,Engineering,Rail fracture,Major,Scheduled,0,64.0,"Defect DEF0012 (Engineering - SEC004) scored 64.0/100 priority because: severity is Major (+7.9 pts), moderate section traffic (73 trains/day, -2.8 pts), and ample maintenance window available (171 mins, -3.5 pts)."
DEF0102,SEC001,S&T,Signal aspect failure,Major,Open,0,63.9,"Defect DEF0102 (S&T - SEC001) scored 63.9/100 priority because: severity is Major (+7.5 pts), and ample maintenance window available (168 mins, -3.4 pts)."
DEF0127,SEC009,Engineering,Loose fittings,Minor,Open,0,63.9,"Defect DEF0127 (Engineering - SEC009) scored 63.9/100 priority because: severity is only Minor (-14.9 pts), located on a high-traffic section (151 trains/day, +5.8 pts), available maintenance window is tight (98 mins, +9.2 pts), and heavy 7-day freight forecast (225 trains, +2.0 pts)."
DEF0021,SEC001,TRD,Insulator damage,Major,Scheduled,0,63.8,"Defect DEF0021 (TRD - SEC001) scored 63.8/100 priority because: severity is Major (+7.2 pts), and ample maintenance window available (168 mins, -3.2 pts)."
DEF0078,SEC009,TRD,Insulator damage,Minor,Open,0,63.8,"Defect DEF0078 (TRD - SEC009) scored 63.8/100 priority because: severity is only Minor (-15.5 pts), located on a high-traffic section (151 trains/day, +6.1 pts), available maintenance window is tight (98 mins, +9.3 pts), and heavy 7-day freight forecast (285 trains, +2.3 pts)."
DEF0120,SEC009,Engineering,Track geometry deviation,Minor,Resolved,0,63.7,"Defect DEF0120 (Engineering - SEC009) scored 63.7/100 priority because: severity is only Minor (-15.0 pts), located on a high-traffic section (151 trains/day, +5.9 pts), and available maintenance window is tight (98 mins, +9.3 pts)."
DEF0017,SEC009,Engineering,Ballast deficiency,Minor,Resolved,0,63.2,"Defect DEF0017 (Engineering - SEC009) scored 63.2/100 priority because: severity is only Minor (-15.1 pts), located on a high-traffic section (151 trains/day, +6.1 pts), available maintenance window is tight (98 mins, +9.1 pts), and heavy 7-day freight forecast (279 trains, +2.4 pts)."
DEF0063,SEC004,TRD,Feeder cable fault,Major,Open,0,63.2,"Defect DEF0063 (TRD - SEC004) scored 63.2/100 priority because: severity is Major (+8.0 pts), moderate section traffic (73 trains/day, -2.7 pts), and ample maintenance window available (171 mins, -3.8 pts)."
DEF0071,SEC004,Engineering,Rail fracture,Major,Resolved,0,62.7,"Defect DEF0071 (Engineering - SEC004) scored 62.7/100 priority because: severity is Major (+7.9 pts), moderate section traffic (73 trains/day, -2.7 pts), and ample maintenance window available (171 mins, -3.9 pts)."
DEF0061,SEC003,S&T,Level crossing gate fault,Major,Open,0,62.4,"Defect DEF0061 (S&T - SEC003) scored 62.4/100 priority because: severity is Major (+7.8 pts), moderate section traffic (74 trains/day, -2.5 pts), and ample maintenance window available (170 mins, -3.6 pts)."
DEF0009,SEC004,Engineering,Loose fittings,Major,Open,0,61.9,"Defect DEF0009 (Engineering - SEC004) scored 61.9/100 priority because: severity is Major (+7.8 pts), moderate section traffic (73 trains/day, -2.8 pts), and ample maintenance window available (171 mins, -3.7 pts)."
DEF0094,SEC008,S&T,Point machine malfunction,Minor,Overdue,12,61.9,"Defect DEF0094 (S&T - SEC008) scored 61.9/100 priority because: severity is only Minor (-17.1 pts), overdue by 12 days (+13.3 pts), located on a high-traffic section (113 trains/day, +2.2 pts), and ample maintenance window available (134 mins, -2.9 pts)."
DEF0108,SEC003,Engineering,Track geometry deviation,Minor,Overdue,9,61.9,"Defect DEF0108 (Engineering - SEC003) scored 61.9/100 priority because: severity is only Minor (-14.9 pts), overdue by 9 days (+17.9 pts), moderate section traffic (74 trains/day, -2.2 pts), and ample maintenance window available (170 mins, -3.7 pts)."
DEF0145,SEC002,S&T,Signal aspect failure,Minor,Open,0,61.6,"Defect DEF0145 (S&T - SEC002) scored 61.6/100 priority because: severity is only Minor (-14.9 pts), located on a high-traffic section (120 trains/day, +3.7 pts), and available maintenance window is tight (63 mins, +9.6 pts)."
DEF0116,SEC005,TRD,Insulator damage,Minor,Scheduled,0,61.5,"Defect DEF0116 (TRD - SEC005) scored 61.5/100 priority because: severity is only Minor (-15.2 pts), located on a high-traffic section (134 trains/day, +4.4 pts), and available maintenance window is tight (114 mins, +8.4 pts)."
DEF0047,SEC001,Engineering,Track geometry deviation,Major,Scheduled,0,61.4,"Defect DEF0047 (Engineering - SEC001) scored 61.4/100 priority because: severity is Major (+7.1 pts), moderate section traffic (76 trains/day, -2.1 pts), and ample maintenance window available (168 mins, -3.6 pts)."
DEF0166,SEC004,Engineering,Ballast deficiency,Major,Resolved,0,61.3,"Defect DEF0166 (Engineering - SEC004) scored 61.3/100 priority because: severity is Major (+8.3 pts), moderate section traffic (73 trains/day, -2.5 pts), and ample maintenance window available (145 mins, -2.6 pts)."
DEF0096,SEC005,TRD,Booster transformer issue,Minor,Open,0,61.2,"Defect DEF0096 (TRD - SEC005) scored 61.2/100 priority because: severity is only Minor (-15.4 pts), located on a high-traffic section (134 trains/day, +4.4 pts), and available maintenance window is tight (96 mins, +8.6 pts)."
DEF0083,SEC011,TRD,Booster transformer issue,Minor,Overdue,2,61.2,"Defect DEF0083 (TRD - SEC011) scored 61.2/100 priority because: severity is only Minor (-16.3 pts), overdue by 2 days (+4.2 pts), and available maintenance window is tight (91 mins, +7.6 pts)."
DEF0089,SEC005,Engineering,Worn out rail,Minor,Open,0,60.9,"Defect DEF0089 (Engineering - SEC005) scored 60.9/100 priority because: severity is only Minor (-15.3 pts), located on a high-traffic section (134 trains/day, +4.2 pts), and available maintenance window is tight (114 mins, +8.3 pts)."
DEF0126,SEC004,TRD,Feeder cable fault,Major,Open,0,60.9,"Defect DEF0126 (TRD - SEC004) scored 60.9/100 priority because: severity is Major (+7.7 pts), moderate section traffic (73 trains/day, -2.8 pts), and ample maintenance window available (171 mins, -4.0 pts)."
DEF0139,SEC004,Engineering,Cracked fish plate,Major,Open,0,60.8,"Defect DEF0139 (Engineering - SEC004) scored 60.8/100 priority because: severity is Major (+7.6 pts), moderate section traffic (73 trains/day, -2.8 pts), and ample maintenance window available (171 mins, -4.0 pts)."
DEF0149,SEC005,TRD,Traction pole tilt,Minor,Resolved,0,60.6,"Defect DEF0149 (TRD - SEC005) scored 60.6/100 priority because: severity is only Minor (-14.4 pts), located on a high-traffic section (134 trains/day, +4.1 pts), and available maintenance window is tight (114 mins, +8.3 pts)."
DEF0060,SEC004,S&T,Level crossing gate fault,Major,Open,0,60.4,"Defect DEF0060 (S&T - SEC004) scored 60.4/100 priority because: severity is Major (+7.9 pts), moderate section traffic (73 trains/day, -2.8 pts), and ample maintenance window available (171 mins, -4.0 pts)."
DEF0103,SEC004,Engineering,Rail fracture,Major,Open,0,60.4,"Defect DEF0103 (Engineering - SEC004) scored 60.4/100 priority because: severity is Major (+7.6 pts), moderate section traffic (73 trains/day, -2.7 pts), and ample maintenance window available (171 mins, -4.0 pts)."
DEF0170,SEC004,Engineering,Track geometry deviation,Minor,Overdue,12,60.3,"Defect DEF0170 (Engineering - SEC004) scored 60.3/100 priority because: severity is only Minor (-15.8 pts), overdue by 12 days (+19.9 pts), moderate section traffic (73 trains/day, -2.3 pts), and ample maintenance window available (171 mins, -3.6 pts)."
DEF0160,SEC003,TRD,Traction pole tilt,Major,Open,0,60.2,"Defect DEF0160 (TRD - SEC003) scored 60.2/100 priority because: severity is Major (+7.8 pts), moderate section traffic (74 trains/day, -2.4 pts), and ample maintenance window available (170 mins, -3.4 pts)."
DEF0056,SEC005,Engineering,Loose fittings,Minor,Open,0,59.9,"Defect DEF0056 (Engineering - SEC005) scored 59.9/100 priority because: severity is only Minor (-15.5 pts), located on a high-traffic section (134 trains/day, +4.5 pts), and available maintenance window is tight (96 mins, +8.3 pts)."
DEF0022,SEC004,Engineering,Rail fracture,Major,Open,0,59.6,"Defect DEF0022 (Engineering - SEC004) scored 59.6/100 priority because: severity is Major (+7.6 pts), moderate section traffic (73 trains/day, -2.9 pts), and ample maintenance window available (171 mins, -4.0 pts)."
DEF0087,SEC005,Engineering,Cracked fish plate,Minor,Scheduled,0,59.6,"Defect DEF0087 (Engineering - SEC005) scored 59.6/100 priority because: severity is only Minor (-15.4 pts), located on a high-traffic section (134 trains/day, +4.3 pts), and available maintenance window is tight (114 mins, +8.1 pts)."
DEF0162,SEC001,Engineering,Rail fracture,Major,Scheduled,0,59.5,"Defect DEF0162 (Engineering - SEC001) scored 59.5/100 priority because: severity is Major (+7.3 pts), and ample maintenance window available (168 mins, -3.3 pts)."
DEF0041,SEC004,Engineering,Loose fittings,Major,Resolved,0,58.8,"Defect DEF0041 (Engineering - SEC004) scored 58.8/100 priority because: severity is Major (+7.4 pts), moderate section traffic (73 trains/day, -2.7 pts), and ample maintenance window available (171 mins, -4.1 pts)."
DEF0011,SEC004,TRD,Sagging catenary wire,Major,Open,0,58.5,"Defect DEF0011 (TRD - SEC004) scored 58.5/100 priority because: severity is Major (+7.5 pts), moderate section traffic (73 trains/day, -2.8 pts), and ample maintenance window available (171 mins, -4.0 pts)."
DEF0084,SEC003,TRD,Insulator damage,Minor,Overdue,9,58.5,"Defect DEF0084 (TRD - SEC003) scored 58.5/100 priority because: severity is only Minor (-15.5 pts), overdue by 9 days (+15.7 pts), moderate section traffic (74 trains/day, -2.2 pts), and ample maintenance window available (170 mins, -3.8 pts)."
DEF0049,SEC003,S&T,Track circuit failure,Minor,Overdue,5,55.2,"Defect DEF0049 (S&T - SEC003) scored 55.2/100 priority because: severity is only Minor (-16.0 pts), overdue by 5 days (+14.0 pts), moderate section traffic (74 trains/day, -2.3 pts), and ample maintenance window available (144 mins, -3.5 pts)."
DEF0081,SEC002,Engineering,Cracked fish plate,Minor,Resolved,0,55.1,"Defect DEF0081 (Engineering - SEC002) scored 55.1/100 priority because: severity is only Minor (-17.2 pts), located on a high-traffic section (120 trains/day, +4.7 pts), available maintenance window is tight (127 mins, +2.0 pts), and heavy 7-day freight forecast (213 trains, +3.4 pts)."
DEF0088,SEC002,S&T,Signal aspect failure,Minor,Open,0,53.6,"Defect DEF0088 (S&T - SEC002) scored 53.6/100 priority because: severity is only Minor (-17.5 pts), located on a high-traffic section (120 trains/day, +4.6 pts), and heavy 7-day freight forecast (204 trains, +2.7 pts)."
DEF0018,SEC010,Engineering,Rail fracture,Major,Open,0,53.4,"Defect DEF0018 (Engineering - SEC010) scored 53.4/100 priority because: severity is Major (+7.3 pts), moderate section traffic (50 trains/day, -7.6 pts), and ample maintenance window available (193 mins, -4.5 pts)."
DEF0020,SEC010,Engineering,Track geometry deviation,Major,Open,0,53.3,"Defect DEF0020 (Engineering - SEC010) scored 53.3/100 priority because: severity is Major (+7.3 pts), moderate section traffic (50 trains/day, -7.6 pts), and ample maintenance window available (193 mins, -4.5 pts)."
DEF0045,SEC002,Engineering,Loose fittings,Minor,Resolved,0,53.2,"Defect DEF0045 (Engineering - SEC002) scored 53.2/100 priority because: severity is only Minor (-17.3 pts), located on a high-traffic section (120 trains/day, +4.1 pts), and heavy 7-day freight forecast (234 trains, +2.8 pts)."
DEF0123,SEC010,Engineering,Loose fittings,Major,Resolved,0,53.1,"Defect DEF0123 (Engineering - SEC010) scored 53.1/100 priority because: severity is Major (+7.3 pts), moderate section traffic (50 trains/day, -7.6 pts), and ample maintenance window available (193 mins, -4.6 pts)."
DEF0055,SEC012,S&T,Signal aspect failure,Minor,Open,0,52.9,"Defect DEF0055 (S&T - SEC012) scored 52.9/100 priority because: severity is only Minor (-16.1 pts), and available maintenance window is tight (76 mins, +9.3 pts)."
DEF0046,SEC010,S&T,Axle counter fault,Major,Scheduled,0,52.9,"Defect DEF0046 (S&T - SEC010) scored 52.9/100 priority because: severity is Major (+7.4 pts), moderate section traffic (50 trains/day, -7.6 pts), and ample maintenance window available (193 mins, -4.6 pts)."
DEF0028,SEC002,TRD,Sagging catenary wire,Minor,Resolved,0,52.7,"Defect DEF0028 (TRD - SEC002) scored 52.7/100 priority because: severity is only Minor (-17.0 pts), located on a high-traffic section (120 trains/day, +4.0 pts), and heavy 7-day freight forecast (199 trains, +2.2 pts)."
DEF0125,SEC001,TRD,Sagging catenary wire,Minor,Overdue,4,51.6,"Defect DEF0125 (TRD - SEC001) scored 51.6/100 priority because: severity is only Minor (-17.0 pts), overdue by 4 days (+10.6 pts), and ample maintenance window available (168 mins, -3.7 pts)."
DEF0152,SEC010,Engineering,Rail fracture,Major,Open,0,51.3,"Defect DEF0152 (Engineering - SEC010) scored 51.3/100 priority because: severity is Major (+6.9 pts), moderate section traffic (50 trains/day, -7.7 pts), and ample maintenance window available (193 mins, -4.2 pts)."
DEF0075,SEC008,TRD,Booster transformer issue,Minor,Resolved,0,51.1,"Defect DEF0075 (TRD - SEC008) scored 51.1/100 priority because: severity is only Minor (-17.0 pts), located on a high-traffic section (113 trains/day, +4.1 pts), and heavy 7-day freight forecast (187 trains, +3.0 pts)."
DEF0107,SEC008,TRD,Sagging catenary wire,Minor,Open,0,50.1,"Defect DEF0107 (TRD - SEC008) scored 50.1/100 priority because: severity is only Minor (-17.1 pts), located on a high-traffic section (113 trains/day, +4.0 pts), ample maintenance window available (134 mins, -2.2 pts), and heavy 7-day freight forecast (197 trains, +3.0 pts)."
DEF0023,SEC008,S&T,Interlocking fault,Minor,Open,0,49.8,"Defect DEF0023 (S&T - SEC008) scored 49.8/100 priority because: severity is only Minor (-16.8 pts), located on a high-traffic section (113 trains/day, +3.8 pts), ample maintenance window available (134 mins, -2.1 pts), and heavy 7-day freight forecast (201 trains, +2.9 pts)."
DEF0169,SEC010,Engineering,Track geometry deviation,Major,Scheduled,0,48.4,"Defect DEF0169 (Engineering - SEC010) scored 48.4/100 priority because: severity is Major (+6.5 pts), moderate section traffic (50 trains/day, -7.9 pts), and ample maintenance window available (193 mins, -4.2 pts)."
DEF0062,SEC008,S&T,Interlocking fault,Minor,Open,0,48.2,"Defect DEF0062 (S&T - SEC008) scored 48.2/100 priority because: severity is only Minor (-17.6 pts), located on a high-traffic section (113 trains/day, +3.8 pts), ample maintenance window available (134 mins, -2.4 pts), and heavy 7-day freight forecast (174 trains, +2.1 pts)."
DEF0050,SEC008,S&T,Interlocking fault,Minor,Resolved,0,47.9,"Defect DEF0050 (S&T - SEC008) scored 47.9/100 priority because: severity is only Minor (-17.5 pts), located on a high-traffic section (113 trains/day, +3.6 pts), and ample maintenance window available (134 mins, -2.5 pts)."
DEF0157,SEC008,S&T,Signal aspect failure,Minor,Scheduled,0,47.4,"Defect DEF0157 (S&T - SEC008) scored 47.4/100 priority because: severity is only Minor (-17.0 pts), located on a high-traffic section (113 trains/day, +4.8 pts), and ample maintenance window available (134 mins, -2.4 pts)."
DEF0164,SEC002,Engineering,Loose fittings,Minor,Scheduled,0,47.0,"Defect DEF0164 (Engineering - SEC002) scored 47.0/100 priority because: severity is only Minor (-17.1 pts), and located on a high-traffic section (120 trains/day, +4.6 pts)."
DEF0035,SEC012,Engineering,Rail fracture,Minor,Open,0,45.6,"Defect DEF0035 (Engineering - SEC012) scored 45.6/100 priority because: severity is only Minor (-17.1 pts), ample maintenance window available (153 mins, -3.0 pts), and heavy 7-day freight forecast (170 trains, +2.9 pts)."
DEF0119,SEC011,TRD,Booster transformer issue,Minor,Open,0,44.4,"Defect DEF0119 (TRD - SEC011) scored 44.4/100 priority because: severity is only Minor (-17.9 pts), ample maintenance window available (152 mins, -3.3 pts), and heavy 7-day freight forecast (150 trains, +2.3 pts)."
DEF0053,SEC007,Engineering,Rail fracture,Minor,Resolved,0,44.2,"Defect DEF0053 (Engineering - SEC007) scored 44.2/100 priority because: severity is only Minor (-17.5 pts), ample maintenance window available (155 mins, -3.4 pts), and heavy 7-day freight forecast (157 trains, +2.5 pts)."
DEF0117,SEC011,Engineering,Loose fittings,Minor,Open,0,44.2,"Defect DEF0117 (Engineering - SEC011) scored 44.2/100 priority because: severity is only Minor (-17.6 pts), ample maintenance window available (152 mins, -3.4 pts), and heavy 7-day freight forecast (150 trains, +2.2 pts)."
DEF0040,SEC011,S&T,Interlocking fault,Minor,Resolved,0,43.4,"Defect DEF0040 (S&T - SEC011) scored 43.4/100 priority because: severity is only Minor (-18.0 pts), and ample maintenance window available (152 mins, -3.3 pts)."
DEF0013,SEC007,Engineering,Worn out rail,Minor,Scheduled,0,43.4,"Defect DEF0013 (Engineering - SEC007) scored 43.4/100 priority because: severity is only Minor (-17.3 pts), ample maintenance window available (155 mins, -3.2 pts), and heavy 7-day freight forecast (149 trains, +2.1 pts)."
DEF0026,SEC007,S&T,Level crossing gate fault,Minor,Open,0,43.2,"Defect DEF0026 (S&T - SEC007) scored 43.2/100 priority because: severity is only Minor (-17.7 pts), ample maintenance window available (155 mins, -3.3 pts), and heavy 7-day freight forecast (148 trains, +2.2 pts)."
DEF0098,SEC012,Engineering,Ballast deficiency,Minor,Open,0,43.2,"Defect DEF0098 (Engineering - SEC012) scored 43.2/100 priority because: severity is only Minor (-17.7 pts), and ample maintenance window available (153 mins, -3.3 pts)."
DEF0031,SEC007,TRD,Booster transformer issue,Minor,Resolved,0,42.8,"Defect DEF0031 (TRD - SEC007) scored 42.8/100 priority because: severity is only Minor (-17.9 pts), and ample maintenance window available (155 mins, -3.3 pts)."
DEF0073,SEC007,Engineering,Cracked fish plate,Minor,Scheduled,0,42.3,Defect DEF0073 (Engineering - SEC007) scored 42.3/100 priority because: severity is only Minor (-19.6 pts).
DEF0004,SEC007,TRD,OHE wire wear,Minor,Open,0,42.0,"Defect DEF0004 (TRD - SEC007) scored 42.0/100 priority because: severity is only Minor (-17.9 pts), and ample maintenance window available (155 mins, -3.4 pts)."
DEF0058,SEC007,Engineering,Rail fracture,Minor,Open,0,41.8,"Defect DEF0058 (Engineering - SEC007) scored 41.8/100 priority because: severity is only Minor (-17.7 pts), and ample maintenance window available (155 mins, -3.4 pts)."
DEF0174,SEC008,S&T,Level crossing gate fault,Minor,Open,0,41.1,"Defect DEF0174 (S&T - SEC008) scored 41.1/100 priority because: severity is only Minor (-18.1 pts), located on a high-traffic section (113 trains/day, +4.6 pts), and ample maintenance window available (134 mins, -2.9 pts)."
DEF0006,SEC007,Engineering,Rail fracture,Minor,Open,0,40.4,"Defect DEF0006 (Engineering - SEC007) scored 40.4/100 priority because: severity is only Minor (-17.8 pts), and ample maintenance window available (155 mins, -3.5 pts)."
DEF0007,SEC007,S&T,Track circuit failure,Minor,Open,0,40.1,"Defect DEF0007 (S&T - SEC007) scored 40.1/100 priority because: severity is only Minor (-18.0 pts), and ample maintenance window available (155 mins, -3.4 pts)."
DEF0113,SEC001,S&T,Interlocking fault,Minor,Open,0,39.4,"Defect DEF0113 (S&T - SEC001) scored 39.4/100 priority because: severity is only Minor (-16.7 pts), moderate section traffic (76 trains/day, -2.2 pts), and ample maintenance window available (168 mins, -3.8 pts)."
DEF0051,SEC001,TRD,Booster transformer issue,Minor,Scheduled,0,39.1,"Defect DEF0051 (TRD - SEC001) scored 39.1/100 priority because: severity is only Minor (-16.6 pts), moderate section traffic (76 trains/day, -2.2 pts), and ample maintenance window available (168 mins, -3.7 pts)."
DEF0141,SEC003,S&T,Interlocking fault,Minor,Open,0,39.0,"Defect DEF0141 (S&T - SEC003) scored 39.0/100 priority because: severity is only Minor (-16.6 pts), moderate section traffic (74 trains/day, -3.0 pts), and ample maintenance window available (170 mins, -4.2 pts)."
DEF0003,SEC001,S&T,Signal aspect failure,Minor,Scheduled,0,38.8,"Defect DEF0003 (S&T - SEC001) scored 38.8/100 priority because: severity is only Minor (-16.5 pts), moderate section traffic (76 trains/day, -2.2 pts), and ample maintenance window available (168 mins, -3.6 pts)."
DEF0135,SEC001,TRD,Feeder cable fault,Minor,Scheduled,0,38.8,"Defect DEF0135 (TRD - SEC001) scored 38.8/100 priority because: severity is only Minor (-16.6 pts), moderate section traffic (76 trains/day, -2.2 pts), and ample maintenance window available (168 mins, -3.8 pts)."
DEF0128,SEC001,S&T,Axle counter fault,Minor,Resolved,0,38.4,"Defect DEF0128 (S&T - SEC001) scored 38.4/100 priority because: severity is only Minor (-16.5 pts), moderate section traffic (76 trains/day, -2.2 pts), and ample maintenance window available (168 mins, -3.9 pts)."
DEF0156,SEC012,Engineering,Worn out rail,Minor,Scheduled,0,38.0,"Defect DEF0156 (Engineering - SEC012) scored 38.0/100 priority because: severity is only Minor (-17.7 pts), and ample maintenance window available (153 mins, -3.8 pts)."
DEF0036,SEC003,Engineering,Rail fracture,Minor,Resolved,0,37.6,"Defect DEF0036 (Engineering - SEC003) scored 37.6/100 priority because: severity is only Minor (-16.4 pts), moderate section traffic (74 trains/day, -3.1 pts), and ample maintenance window available (170 mins, -4.0 pts)."
DEF0044,SEC003,S&T,Point machine malfunction,Minor,Resolved,0,37.6,"Defect DEF0044 (S&T - SEC003) scored 37.6/100 priority because: severity is only Minor (-16.4 pts), moderate section traffic (74 trains/day, -3.1 pts), and ample maintenance window available (170 mins, -4.2 pts)."
DEF0130,SEC003,TRD,Sagging catenary wire,Minor,Open,0,37.1,"Defect DEF0130 (TRD - SEC003) scored 37.1/100 priority because: severity is only Minor (-16.9 pts), moderate section traffic (74 trains/day, -3.2 pts), and ample maintenance window available (170 mins, -4.3 pts)."
DEF0069,SEC004,Engineering,Rail fracture,Minor,Scheduled,0,36.7,"Defect DEF0069 (Engineering - SEC004) scored 36.7/100 priority because: severity is only Minor (-16.7 pts), moderate section traffic (73 trains/day, -3.7 pts), and ample maintenance window available (171 mins, -4.3 pts)."
DEF0136,SEC003,Engineering,Track geometry deviation,Minor,Scheduled,0,36.6,"Defect DEF0136 (Engineering - SEC003) scored 36.6/100 priority because: severity is only Minor (-16.7 pts), moderate section traffic (74 trains/day, -3.2 pts), and ample maintenance window available (170 mins, -4.3 pts)."
DEF0106,SEC003,S&T,Interlocking fault,Minor,Open,0,36.0,"Defect DEF0106 (S&T - SEC003) scored 36.0/100 priority because: severity is only Minor (-16.8 pts), moderate section traffic (74 trains/day, -3.2 pts), and ample maintenance window available (170 mins, -4.3 pts)."
DEF0112,SEC003,S&T,Interlocking fault,Minor,Open,0,35.7,"Defect DEF0112 (S&T - SEC003) scored 35.7/100 priority because: severity is only Minor (-16.8 pts), moderate section traffic (74 trains/day, -3.3 pts), and ample maintenance window available (170 mins, -4.3 pts)."
DEF0111,SEC004,Engineering,Loose fittings,Minor,Scheduled,0,35.3,"Defect DEF0111 (Engineering - SEC004) scored 35.3/100 priority because: severity is only Minor (-16.5 pts), moderate section traffic (73 trains/day, -3.8 pts), and ample maintenance window available (171 mins, -4.4 pts)."
DEF0172,SEC011,Engineering,Rail fracture,Minor,Open,0,35.1,"Defect DEF0172 (Engineering - SEC011) scored 35.1/100 priority because: severity is only Minor (-18.5 pts), and ample maintenance window available (152 mins, -3.9 pts)."
DEF0159,SEC003,S&T,Point machine malfunction,Minor,Resolved,0,33.7,"Defect DEF0159 (S&T - SEC003) scored 33.7/100 priority because: severity is only Minor (-17.1 pts), moderate section traffic (74 trains/day, -3.3 pts), and ample maintenance window available (170 mins, -4.5 pts)."
DEF0168,SEC001,TRD,Feeder cable fault,Minor,Open,0,31.7,"Defect DEF0168 (TRD - SEC001) scored 31.7/100 priority because: severity is only Minor (-17.2 pts), moderate section traffic (76 trains/day, -2.4 pts), and ample maintenance window available (168 mins, -4.2 pts)."
DEF0178,SEC004,Engineering,Ballast deficiency,Minor,Open,0,30.6,"Defect DEF0178 (Engineering - SEC004) scored 30.6/100 priority because: severity is only Minor (-17.1 pts), moderate section traffic (73 trains/day, -3.6 pts), and ample maintenance window available (171 mins, -4.6 pts)."
DEF0176,SEC003,TRD,OHE wire wear,Minor,Open,0,30.5,"Defect DEF0176 (TRD - SEC003) scored 30.5/100 priority because: severity is only Minor (-17.4 pts), moderate section traffic (74 trains/day, -3.0 pts), and ample maintenance window available (170 mins, -4.5 pts)."
DEF0181,SEC004,Engineering,Cracked fish plate,Minor,Open,0,30.5,"Defect DEF0181 (Engineering - SEC004) scored 30.5/100 priority because: severity is only Minor (-17.1 pts), moderate section traffic (73 trains/day, -3.6 pts), and ample maintenance window available (171 mins, -4.6 pts)."
DEF0146,SEC010,S&T,Level crossing gate fault,Minor,Open,0,29.9,"Defect DEF0146 (S&T - SEC010) scored 29.9/100 priority because: severity is only Minor (-17.0 pts), moderate section traffic (50 trains/day, -7.3 pts), and ample maintenance window available (164 mins, -4.5 pts)."
DEF0138,SEC010,S&T,Track circuit failure,Minor,Scheduled,0,29.6,"Defect DEF0138 (S&T - SEC010) scored 29.6/100 priority because: severity is only Minor (-16.9 pts), moderate section traffic (50 trains/day, -7.3 pts), and ample maintenance window available (193 mins, -4.9 pts)."
DEF0042,SEC010,S&T,Track circuit failure,Minor,Scheduled,0,29.0,"Defect DEF0042 (S&T - SEC010) scored 29.0/100 priority because: severity is only Minor (-17.0 pts), moderate section traffic (50 trains/day, -7.5 pts), and ample maintenance window available (193 mins, -4.7 pts)."
DEF0131,SEC010,S&T,Track circuit failure,Minor,Scheduled,0,28.9,"Defect DEF0131 (S&T - SEC010) scored 28.9/100 priority because: severity is only Minor (-16.9 pts), moderate section traffic (50 trains/day, -7.6 pts), and ample maintenance window available (193 mins, -4.9 pts)."
DEF0064,SEC010,Engineering,Rail fracture,Minor,Open,0,28.4,"Defect DEF0064 (Engineering - SEC010) scored 28.4/100 priority because: severity is only Minor (-17.1 pts), moderate section traffic (50 trains/day, -7.7 pts), and ample maintenance window available (193 mins, -4.7 pts)."
DEF0180,SEC010,S&T,Track circuit failure,Minor,Resolved,0,24.1,"Defect DEF0180 (S&T - SEC010) scored 24.1/100 priority because: severity is only Minor (-17.0 pts), moderate section traffic (50 trains/day, -7.7 pts), and ample maintenance window available (193 mins, -4.8 pts)."
